<?xml version="1.0" encoding="UTF-8"?><record_update table="cmdb_rel_type">
    <cmdb_rel_type action="INSERT_OR_UPDATE">
        <child_descriptor>Managed by</child_descriptor>
        <end_point>false</end_point>
        <name>Manages::Managed by</name>
        <parent_descriptor>Manages</parent_descriptor>
        <sys_class_name>cmdb_rel_type</sys_class_name>
        <sys_created_by>alexpetrean</sys_created_by>
        <sys_created_on>2019-03-18 20:23:35</sys_created_on>
        <sys_id>0a666345db9433400b25ebd8489619c7</sys_id>
        <sys_mod_count>0</sys_mod_count>
        <sys_name>Manages::Managed by</sys_name>
        <sys_package display_value="Turbonomic Actions" source="x_turbo_turbonomic">be4eeab2db007f005e691fe968961902</sys_package>
        <sys_policy/>
        <sys_scope display_value="Turbonomic Actions">be4eeab2db007f005e691fe968961902</sys_scope>
        <sys_update_name>cmdb_rel_type_0a666345db9433400b25ebd8489619c7</sys_update_name>
        <sys_updated_by>alexpetrean</sys_updated_by>
        <sys_updated_on>2019-03-18 20:23:35</sys_updated_on>
    </cmdb_rel_type>
</record_update>
