<?xml version="1.0" encoding="UTF-8"?><record_update table="sc_cat_item_catalog">
    <sc_cat_item_catalog action="INSERT_OR_UPDATE">
        <sc_cat_item display_value="Test">fe5962dedb5a0c105e691fe968961987</sc_cat_item>
        <sc_catalog display_value="Service Catalog">e0d08b13c3330100c8b837659bba8fb4</sc_catalog>
        <sys_class_name>sc_cat_item_catalog</sys_class_name>
        <sys_created_by>alexandernish</sys_created_by>
        <sys_created_on>2020-01-14 19:25:59</sys_created_on>
        <sys_id>ba5962dedb5a0c105e691fe96896198f</sys_id>
        <sys_mod_count>0</sys_mod_count>
        <sys_name>Service Catalog.Test</sys_name>
        <sys_package display_value="Turbonomic Actions" source="x_turbo_turbonomic">be4eeab2db007f005e691fe968961902</sys_package>
        <sys_policy/>
        <sys_scope display_value="Turbonomic Actions">be4eeab2db007f005e691fe968961902</sys_scope>
        <sys_update_name>sc_cat_item_catalog_ba5962dedb5a0c105e691fe96896198f</sys_update_name>
        <sys_updated_by>alexandernish</sys_updated_by>
        <sys_updated_on>2020-01-14 19:25:59</sys_updated_on>
    </sc_cat_item_catalog>
</record_update>
