<?xml version="1.0" encoding="UTF-8"?><record_update table="sc_cat_item_category">
    <sc_cat_item_category action="INSERT_OR_UPDATE">
        <sc_cat_item display_value="Test">fe5962dedb5a0c105e691fe968961987</sc_cat_item>
        <sc_category display_value="Standard Changes">b0fdfb01932002009ca87a75e57ffbe9</sc_category>
        <sys_class_name>sc_cat_item_category</sys_class_name>
        <sys_created_by>alexandernish</sys_created_by>
        <sys_created_on>2020-01-14 19:25:59</sys_created_on>
        <sys_id>be5962dedb5a0c105e691fe968961992</sys_id>
        <sys_mod_count>0</sys_mod_count>
        <sys_name>Standard Changes.Test</sys_name>
        <sys_package display_value="Turbonomic Actions" source="x_turbo_turbonomic">be4eeab2db007f005e691fe968961902</sys_package>
        <sys_policy/>
        <sys_scope display_value="Turbonomic Actions">be4eeab2db007f005e691fe968961902</sys_scope>
        <sys_update_name>sc_cat_item_category_be5962dedb5a0c105e691fe968961992</sys_update_name>
        <sys_updated_by>alexandernish</sys_updated_by>
        <sys_updated_on>2020-01-14 19:25:59</sys_updated_on>
    </sc_cat_item_category>
</record_update>
