<?xml version="1.0" encoding="UTF-8"?><record_update table="std_change_record_producer">
    <std_change_record_producer action="INSERT_OR_UPDATE">
        <access_type/>
        <active>false</active>
        <allow_edit>false</allow_edit>
        <availability>on_desktop</availability>
        <available_in_ui>false</available_in_ui>
        <billable>false</billable>
        <can_cancel>false</can_cancel>
        <category display_value="Standard Changes">b0fdfb01932002009ca87a75e57ffbe9</category>
        <checked_out/>
        <closed_change_count>0</closed_change_count>
        <color/>
        <cost>0</cost>
        <current_version display_value="">e89a562adbe6e550aa02cf09139619d2</current_version>
        <custom_cart/>
        <delivery_plan display_value="DEFAULT">523da512c611228900811a37c97c2014</delivery_plan>
        <delivery_plan_script/>
        <delivery_time>1970-01-03 00:00:00</delivery_time>
        <description/>
        <display_price_property>non_zero</display_price_property>
        <entitlement_script/>
        <flow_designer_flow/>
        <fulfillment_automation_level/>
        <group/>
        <hide_sp>false</hide_sp>
        <icon/>
        <ignore_price>false</ignore_price>
        <image/>
        <list_price>0</list_price>
        <location/>
        <mandatory_attachment>false</mandatory_attachment>
        <meta/>
        <mobile_hide_price>false</mobile_hide_price>
        <mobile_picture/>
        <mobile_picture_type>use_desktop_picture</mobile_picture_type>
        <model/>
        <name>Test</name>
        <no_attachment_v2>false</no_attachment_v2>
        <no_cart>false</no_cart>
        <no_cart_v2>false</no_cart_v2>
        <no_delivery_time_v2>false</no_delivery_time_v2>
        <no_order>false</no_order>
        <no_order_now>false</no_order_now>
        <no_proceed_checkout>false</no_proceed_checkout>
        <no_quantity>false</no_quantity>
        <no_quantity_v2>false</no_quantity_v2>
        <no_search>false</no_search>
        <no_wishlist_v2>false</no_wishlist_v2>
        <omit_price>false</omit_price>
        <order>0</order>
        <ordered_item_link/>
        <owner/>
        <percent_successful>0</percent_successful>
        <picture/>
        <post_insert_script/>
        <preview>JavaScript: popupOpenStandard("com.glideapp.servicecatalog_cat_item_view.do?v=1&amp;sysparm_id=fe5962dedb5a0c105e691fe968961987&amp;sysparm_preview=true", "summary");</preview>
        <price>0</price>
        <published_ref/>
        <recurring_frequency/>
        <recurring_price>0</recurring_price>
        <redirect_url>generated_record</redirect_url>
        <request_method/>
        <retired>true</retired>
        <roles/>
        <save_options/>
        <save_script/>
        <sc_catalogs>e0d08b13c3330100c8b837659bba8fb4</sc_catalogs>
        <sc_ic_item_staging/>
        <sc_ic_version/>
        <sc_template/>
        <script><![CDATA[current.std_change_producer_version= "b65962dedb5a0c105e691fe9689619a3";
current.type= "standard";
GlideSysAttachment.copy("std_change_record_producer", "fe5962dedb5a0c105e691fe968961987", current.getTableName(), current.getUniqueValue());
]]></script>
        <short_description>Test</short_description>
        <show_variable_help_on_load>false</show_variable_help_on_load>
        <start_closed>false</start_closed>
        <state/>
        <sys_class_name>std_change_record_producer</sys_class_name>
        <sys_created_by>alexandernish</sys_created_by>
        <sys_created_on>2020-01-14 19:25:59</sys_created_on>
        <sys_id>fe5962dedb5a0c105e691fe968961987</sys_id>
        <sys_mod_count>3</sys_mod_count>
        <sys_name>Test</sys_name>
        <sys_package display_value="Turbonomic Actions" source="x_turbo_turbonomic">be4eeab2db007f005e691fe968961902</sys_package>
        <sys_policy/>
        <sys_scope display_value="Turbonomic Actions">be4eeab2db007f005e691fe968961902</sys_scope>
        <sys_update_name>std_change_record_producer_fe5962dedb5a0c105e691fe968961987</sys_update_name>
        <sys_updated_by>admin</sys_updated_by>
        <sys_updated_on>2023-05-05 00:22:29</sys_updated_on>
        <table_name>change_request</table_name>
        <taxonomy_topic/>
        <template display_value="Test">b25962dedb5a0c105e691fe968961984</template>
        <template_manager_roles/>
        <type>item</type>
        <unsuccessful_change_count>0</unsuccessful_change_count>
        <use_sc_layout>true</use_sc_layout>
        <vendor/>
        <version/>
        <view/>
        <visible_bundle>true</visible_bundle>
        <visible_guide>true</visible_guide>
        <visible_standalone>true</visible_standalone>
        <workflow/>
    </std_change_record_producer>
    <sys_translated_text action="delete_multiple" query="documentkey=fe5962dedb5a0c105e691fe968961987"/>
    <fx_price action="delete_multiple" query="id=fe5962dedb5a0c105e691fe968961987"/>
    <fx_price action="INSERT_OR_UPDATE">
        <amount>0</amount>
        <currency display_value="USD">USD</currency>
        <field>price</field>
        <id>fe5962dedb5a0c105e691fe968961987</id>
        <parent/>
        <reference_amount>0</reference_amount>
        <reference_currency display_value="USD">USD</reference_currency>
        <sys_created_by>alexandernish</sys_created_by>
        <sys_created_on>2020-01-14 19:25:59</sys_created_on>
        <sys_id>ba5962dedb5a0c105e691fe96896198c</sys_id>
        <sys_mod_count>1</sys_mod_count>
        <sys_updated_by>alexandernish</sys_updated_by>
        <sys_updated_on>2020-01-14 19:26:00</sys_updated_on>
        <table>std_change_record_producer</table>
        <type>calculated</type>
    </fx_price>
    <fx_price action="INSERT_OR_UPDATE">
        <amount>0</amount>
        <currency display_value="USD">USD</currency>
        <field>recurring_price</field>
        <id>fe5962dedb5a0c105e691fe968961987</id>
        <parent/>
        <reference_amount>0</reference_amount>
        <reference_currency display_value="USD">USD</reference_currency>
        <sys_created_by>alexandernish</sys_created_by>
        <sys_created_on>2020-01-14 19:25:59</sys_created_on>
        <sys_id>fe5962dedb5a0c105e691fe96896198d</sys_id>
        <sys_mod_count>1</sys_mod_count>
        <sys_updated_by>alexandernish</sys_updated_by>
        <sys_updated_on>2020-01-14 19:26:00</sys_updated_on>
        <table>std_change_record_producer</table>
        <type>calculated</type>
    </fx_price>
</record_update>
