<?xml version="1.0" encoding="UTF-8"?><record_update sys_domain="global" table="std_change_template">
    <std_change_template action="INSERT_OR_UPDATE">
        <active>false</active>
        <global>true</global>
        <group/>
        <groups/>
        <link_element/>
        <name>Test</name>
        <next/>
        <next_child/>
        <roles/>
        <short_description>Test</short_description>
        <show_on_template_bar>false</show_on_template_bar>
        <stand_alone>false</stand_alone>
        <sys_class_name>std_change_template</sys_class_name>
        <sys_created_by>alexandernish</sys_created_by>
        <sys_created_on>2020-01-14 19:25:59</sys_created_on>
        <sys_domain>global</sys_domain>
        <sys_domain_path>/</sys_domain_path>
        <sys_id>b25962dedb5a0c105e691fe968961984</sys_id>
        <sys_mod_count>1</sys_mod_count>
        <sys_name>Test</sys_name>
        <sys_package display_value="Turbonomic Actions" source="x_turbo_turbonomic">be4eeab2db007f005e691fe968961902</sys_package>
        <sys_policy/>
        <sys_scope display_value="Turbonomic Actions">be4eeab2db007f005e691fe968961902</sys_scope>
        <sys_update_name>std_change_template_b25962dedb5a0c105e691fe968961984</sys_update_name>
        <sys_updated_by>admin</sys_updated_by>
        <sys_updated_on>2023-05-05 00:22:29</sys_updated_on>
        <table>change_request</table>
        <template>short_description=Test^implementation_plan=test^backout_plan=test^test_plan=test^description=test^EQ</template>
        <user display_value="">78edaa93db3f27000b25ebd84896192e</user>
        <view/>
    </std_change_template>
</record_update>
