<?xml version="1.0" encoding="UTF-8"?><record_update>
    <sys_documentation element="closed_cr_state" label="Closed CR State" language="en" table="x_turbo_turbonomic_turbonomic_settings">
        <sys_documentation action="INSERT_OR_UPDATE">
            <element>closed_cr_state</element>
            <help/>
            <hint/>
            <label>Closed CR State</label>
            <language>en</language>
            <name>x_turbo_turbonomic_turbonomic_settings</name>
            <plural>Closed CR States</plural>
            <sys_class_name>sys_documentation</sys_class_name>
            <sys_created_by>alexpetrean</sys_created_by>
            <sys_created_on>2023-11-02 19:19:40</sys_created_on>
            <sys_mod_count>0</sys_mod_count>
            <sys_name>Closed CR State</sys_name>
            <sys_package display_value="Turbonomic Actions" source="x_turbo_turbonomic">be4eeab2db007f005e691fe968961902</sys_package>
            <sys_policy/>
            <sys_scope display_value="Turbonomic Actions">be4eeab2db007f005e691fe968961902</sys_scope>
            <sys_update_name>sys_documentation_x_turbo_turbonomic_turbonomic_settings_closed_cr_state_en</sys_update_name>
            <sys_updated_by>alexpetrean</sys_updated_by>
            <sys_updated_on>2023-11-02 19:19:40</sys_updated_on>
            <url/>
            <url_target/>
        </sys_documentation>
    </sys_documentation>
</record_update>
