<?xml version="1.0" encoding="UTF-8"?><record_update table="sys_transform_entry">
    <sys_transform_entry action="INSERT_OR_UPDATE">
        <choice_action>ignore</choice_action>
        <coalesce>false</coalesce>
        <coalesce_case_sensitive>false</coalesce_case_sensitive>
        <coalesce_empty_fields>false</coalesce_empty_fields>
        <date_format>yyyy-MM-dd HH:mm:ss</date_format>
        <map display_value="Turbonomic Web Service Action Record">a5e8ee3edb433300373fe04a4896198d</map>
        <reference_value_field/>
        <source_field>u_turbonomic_entity</source_field>
        <source_script><![CDATA[answer = (function transformEntry(source) {

	// Add your code here
	return ""; // return the value to be put into the target field

})(source);]]></source_script>
        <source_table>x_turbo_turbonomic_ws_action_record</source_table>
        <sys_class_name>sys_transform_entry</sys_class_name>
        <sys_created_by>admin</sys_created_by>
        <sys_created_on>2019-08-07 19:17:07</sys_created_on>
        <sys_id>05f8227edb433300373fe04a48961948</sys_id>
        <sys_mod_count>1</sys_mod_count>
        <sys_name>u_turbonomic_entity</sys_name>
        <sys_package display_value="Turbonomic Actions" source="x_turbo_turbonomic">be4eeab2db007f005e691fe968961902</sys_package>
        <sys_policy/>
        <sys_scope display_value="Turbonomic Actions">be4eeab2db007f005e691fe968961902</sys_scope>
        <sys_update_name>sys_transform_entry_05f8227edb433300373fe04a48961948</sys_update_name>
        <sys_updated_by>admin</sys_updated_by>
        <sys_updated_on>2019-08-09 22:33:07</sys_updated_on>
        <target_field>turbonomic_entity_id</target_field>
        <target_table>x_turbo_turbonomic_turbonomic_action_record</target_table>
        <use_source_script>false</use_source_script>
    </sys_transform_entry>
</record_update>
