<?xml version="1.0" encoding="UTF-8"?><record_update>
    <sys_documentation element="target_ip" label="Target IP" language="en" table="x_turbo_turbonomic_x_turbonomic_entity">
        <sys_documentation action="INSERT_OR_UPDATE">
            <element>target_ip</element>
            <help/>
            <hint/>
            <label>Target IP</label>
            <language>en</language>
            <name>x_turbo_turbonomic_x_turbonomic_entity</name>
            <plural>Target IPs</plural>
            <sys_class_name>sys_documentation</sys_class_name>
            <sys_created_by>alexpetrean</sys_created_by>
            <sys_created_on>2019-04-05 19:59:16</sys_created_on>
            <sys_mod_count>0</sys_mod_count>
            <sys_name>Target IP</sys_name>
            <sys_package display_value="Turbonomic Actions" source="x_turbo_turbonomic">be4eeab2db007f005e691fe968961902</sys_package>
            <sys_policy/>
            <sys_scope display_value="Turbonomic Actions">be4eeab2db007f005e691fe968961902</sys_scope>
            <sys_update_name>sys_documentation_x_turbo_turbonomic_x_turbonomic_entity_target_ip_en</sys_update_name>
            <sys_updated_by>alexpetrean</sys_updated_by>
            <sys_updated_on>2019-04-05 19:59:16</sys_updated_on>
            <url/>
            <url_target/>
        </sys_documentation>
    </sys_documentation>
</record_update>
