<?xml version="1.0" encoding="UTF-8"?><record_update>
    <sys_documentation element="hyper_v_vm_table_column" label="Hyper-V VM Table Column" language="en" table="x_turbo_turbonomic_turbonomic_settings">
        <sys_documentation action="INSERT_OR_UPDATE">
            <element>hyper_v_vm_table_column</element>
            <help/>
            <hint/>
            <label>Hyper-V VM Table Column</label>
            <language>en</language>
            <name>x_turbo_turbonomic_turbonomic_settings</name>
            <plural>Hyper-V VM Table Columns</plural>
            <sys_class_name>sys_documentation</sys_class_name>
            <sys_created_by>alexpetrean</sys_created_by>
            <sys_created_on>2020-04-23 17:57:16</sys_created_on>
            <sys_mod_count>0</sys_mod_count>
            <sys_name>Hyper-V VM Table Column</sys_name>
            <sys_package display_value="Turbonomic Actions" source="x_turbo_turbonomic">be4eeab2db007f005e691fe968961902</sys_package>
            <sys_policy/>
            <sys_scope display_value="Turbonomic Actions">be4eeab2db007f005e691fe968961902</sys_scope>
            <sys_update_name>sys_documentation_x_turbo_turbonomic_turbonomic_settings_hyper_v_vm_table_column_en</sys_update_name>
            <sys_updated_by>alexpetrean</sys_updated_by>
            <sys_updated_on>2020-04-23 17:57:16</sys_updated_on>
            <url/>
            <url_target/>
        </sys_documentation>
    </sys_documentation>
</record_update>
