<?xml version="1.0" encoding="UTF-8"?><record_update table="sys_script_include">
    <sys_script_include action="INSERT_OR_UPDATE">
        <access>package_private</access>
        <active>true</active>
        <api_name>x_turbo_turbonomic.TurbonomicActionRecord</api_name>
        <caller_access/>
        <client_callable>false</client_callable>
        <description/>
        <name>TurbonomicActionRecord</name>
        <script><![CDATA[var TurbonomicActionRecord = (function () {

    var type = 'TurbonomicActionRecord';
    var actionOID = '';
    var details = '';
    var acceptedBy = '';
    var count = 0;
    var lastUpdateTime = null;
    var turbonomicEntityId = null;
    var lifecycleStage = '';

    function TurbonomicActionRecord() {
        this.actionOID = '';
        this.details = '';
        this.acceptedBy = '';
        this.turbonomicEntityId = null;
        this.lifecycleStage = '';
    }

    TurbonomicActionRecord.prototype.getActionOID = function() {
        return this.actionOID;
    };

    TurbonomicActionRecord.prototype.setActionOID = function(id) {
        this.actionOID = id;
    };

    TurbonomicActionRecord.prototype.getDetails = function() {
        return this.details;
    };

    TurbonomicActionRecord.prototype.setDetails = function(details) {
        this.details = details;
    };

    TurbonomicActionRecord.prototype.getAcceptedBy = function() {
        return this.acceptedBy;
    };

    TurbonomicActionRecord.prototype.setAcceptedBy = function(acceptedBy) {
        this.acceptedBy = acceptedBy;
    };

    TurbonomicActionRecord.prototype.getCount = function() {
        return this.count;
    };

    TurbonomicActionRecord.prototype.setCount = function(count) {
        this.count = count;
    };

    TurbonomicActionRecord.prototype.getLastUpdateTime = function() {
        return this.lastUpdateTime;
    };

    TurbonomicActionRecord.prototype.setLastUpdateTime = function(lastUpdateTime) {
        this.lastUpdateTime = lastUpdateTime;
    };

    TurbonomicActionRecord.prototype.getTurbonomicEntityId = function() {
        return this.turbonomicEntityId;
    };

    TurbonomicActionRecord.prototype.setTurbonomicEntityId = function(id) {
        this.turbonomicEntityId = id;
    };

    TurbonomicActionRecord.prototype.getLifyecycleStage = function() {
        return this.lifecycleStage;
    };

    TurbonomicActionRecord.prototype.setLifecycleStage = function(lifeCycleStage) {
        this.lifecycleStage = lifeCycleStage;
    };

    return TurbonomicActionRecord;
}());
]]></script>
        <sys_class_name>sys_script_include</sys_class_name>
        <sys_created_by>alexpetrean</sys_created_by>
        <sys_created_on>2019-03-13 18:35:59</sys_created_on>
        <sys_id>89dc5163dbc4bf005e691fe968961919</sys_id>
        <sys_mod_count>19</sys_mod_count>
        <sys_name>TurbonomicActionRecord</sys_name>
        <sys_package display_value="Turbonomic Actions" source="x_turbo_turbonomic">be4eeab2db007f005e691fe968961902</sys_package>
        <sys_policy>read</sys_policy>
        <sys_scope display_value="Turbonomic Actions">be4eeab2db007f005e691fe968961902</sys_scope>
        <sys_update_name>sys_script_include_89dc5163dbc4bf005e691fe968961919</sys_update_name>
        <sys_updated_by>admin</sys_updated_by>
        <sys_updated_on>2019-05-27 16:32:18</sys_updated_on>
    </sys_script_include>
</record_update>
