<?xml version="1.0" encoding="UTF-8"?><record_update table="sys_transform_entry">
    <sys_transform_entry action="INSERT_OR_UPDATE">
        <choice_action>create</choice_action>
        <coalesce>true</coalesce>
        <coalesce_case_sensitive>false</coalesce_case_sensitive>
        <coalesce_empty_fields>false</coalesce_empty_fields>
        <date_format>yyyy-MM-dd HH:mm:ss</date_format>
        <map display_value="Turbonomic Web Service Instance">929fe272db833300373fe04a489619f9</map>
        <reference_value_field/>
        <source_field>u_update_sys_id</source_field>
        <source_script><![CDATA[answer = (function transformEntry(source) {
    var fieldMapUtil = new TurbonomicFieldMapUtil();
    return fieldMapUtil.findExistingSysIdFromFieldMap('x_turbo_turbonomic_turbonomic_instance', source);
})(source);]]></source_script>
        <source_table>x_turbo_turbonomic_ws_instance</source_table>
        <sys_class_name>sys_transform_entry</sys_class_name>
        <sys_created_by>admin</sys_created_by>
        <sys_created_on>2019-08-09 20:57:07</sys_created_on>
        <sys_id>14f2dde7db033300373fe04a489619da</sys_id>
        <sys_mod_count>1</sys_mod_count>
        <sys_name>u_update_sys_id</sys_name>
        <sys_package display_value="Turbonomic Actions" source="x_turbo_turbonomic">be4eeab2db007f005e691fe968961902</sys_package>
        <sys_policy/>
        <sys_scope display_value="Turbonomic Actions">be4eeab2db007f005e691fe968961902</sys_scope>
        <sys_update_name>sys_transform_entry_14f2dde7db033300373fe04a489619da</sys_update_name>
        <sys_updated_by>alexpetrean</sys_updated_by>
        <sys_updated_on>2023-11-02 20:25:56</sys_updated_on>
        <target_field>sys_id</target_field>
        <target_table>x_turbo_turbonomic_turbonomic_instance</target_table>
        <use_source_script>false</use_source_script>
    </sys_transform_entry>
</record_update>
