<?xml version="1.0" encoding="UTF-8"?><record_update sys_domain="global" table="sys_script">
    <sys_script action="INSERT_OR_UPDATE">
        <abort_action>false</abort_action>
        <access>package_private</access>
        <action_delete>false</action_delete>
        <action_insert>false</action_insert>
        <action_query>false</action_query>
        <action_update>true</action_update>
        <active>true</active>
        <add_message>false</add_message>
        <advanced>true</advanced>
        <change_fields>false</change_fields>
        <client_callable>false</client_callable>
        <collection>change_request</collection>
        <condition/>
        <description/>
        <execute_function>false</execute_function>
        <filter_condition table="change_request">start_dateVALCHANGES^ORend_dateVALCHANGES^ORstateVALCHANGES^ORwork_notesVALCHANGES^EQ<item endquery="false" field="start_date" goto="false" newquery="false" operator="VALCHANGES" or="false" value=""/>
            <item endquery="false" field="end_date" goto="false" newquery="false" operator="VALCHANGES" or="true" value=""/>
            <item endquery="false" field="state" goto="false" newquery="false" operator="VALCHANGES" or="true" value=""/>
            <item endquery="false" field="work_notes" goto="false" newquery="false" operator="VALCHANGES" or="true" value=""/>
            <item endquery="true" field="" goto="false" newquery="false" operator="=" or="false" value=""/>
        </filter_condition>
        <is_rest>false</is_rest>
        <message/>
        <name>UpdateTurbonomicApprovalBasedOnSchedule</name>
        <order>100</order>
        <priority>100</priority>
        <rest_method/>
        <rest_method_text/>
        <rest_service/>
        <rest_service_text/>
        <rest_variables/>
        <role_conditions/>
        <script><![CDATA[(function executeRule(current, previous /*null when async*/) {
    gs.debug('UpdateTurbonomicApprovalBasedOnSchedule.executeRule() has started - The current state of the CR is ' + current.state);
    var actionUtils = new x_turbo_turbonomic.TurbonomicActionUtils();
    actionUtils.updateApprovalBasedOnRequestSchedule(current);
    gs.debug('UpdateTurbonomicApprovalBasedOnSchedule.executeRule() has finished');
})(current, previous);]]></script>
        <sys_class_name>sys_script</sys_class_name>
        <sys_created_by>alexpetrean</sys_created_by>
        <sys_created_on>2020-06-02 22:44:03</sys_created_on>
        <sys_domain>global</sys_domain>
        <sys_domain_path>/</sys_domain_path>
        <sys_id>0b2ec4a7db81d8101ae6e855ca961917</sys_id>
        <sys_mod_count>32</sys_mod_count>
        <sys_name>UpdateTurbonomicApprovalBasedOnSchedule</sys_name>
        <sys_overrides/>
        <sys_package display_value="Turbonomic Actions" source="x_turbo_turbonomic">be4eeab2db007f005e691fe968961902</sys_package>
        <sys_policy/>
        <sys_scope display_value="Turbonomic Actions">be4eeab2db007f005e691fe968961902</sys_scope>
        <sys_update_name>sys_script_0b2ec4a7db81d8101ae6e855ca961917</sys_update_name>
        <sys_updated_by>alexpetrean</sys_updated_by>
        <sys_updated_on>2023-05-04 22:21:55</sys_updated_on>
        <template/>
        <when>after</when>
    </sys_script>
    <sys_translated_text action="delete_multiple" query="documentkey=0b2ec4a7db81d8101ae6e855ca961917"/>
</record_update>
