<?xml version="1.0" encoding="UTF-8"?><record_update>
    <sys_documentation element="vcenter_vm_table_name" label="vCenter VM Table Name" language="en" table="x_turbo_turbonomic_turbonomic_settings">
        <sys_documentation action="INSERT_OR_UPDATE">
            <element>vcenter_vm_table_name</element>
            <help/>
            <hint/>
            <label>vCenter VM Table Name</label>
            <language>en</language>
            <name>x_turbo_turbonomic_turbonomic_settings</name>
            <plural>vCenter VM Table Names</plural>
            <sys_class_name>sys_documentation</sys_class_name>
            <sys_created_by>alexpetrean</sys_created_by>
            <sys_created_on>2020-04-23 17:57:16</sys_created_on>
            <sys_mod_count>0</sys_mod_count>
            <sys_name>vCenter VM Table Name</sys_name>
            <sys_package display_value="Turbonomic Actions" source="x_turbo_turbonomic">be4eeab2db007f005e691fe968961902</sys_package>
            <sys_policy/>
            <sys_scope display_value="Turbonomic Actions">be4eeab2db007f005e691fe968961902</sys_scope>
            <sys_update_name>sys_documentation_x_turbo_turbonomic_turbonomic_settings_vcenter_vm_table_name_en</sys_update_name>
            <sys_updated_by>alexpetrean</sys_updated_by>
            <sys_updated_on>2020-04-23 17:57:16</sys_updated_on>
            <url/>
            <url_target/>
        </sys_documentation>
    </sys_documentation>
</record_update>
