<?xml version="1.0" encoding="UTF-8"?><record_update table="sys_script_include">
    <sys_script_include action="INSERT_OR_UPDATE">
        <access>package_private</access>
        <active>true</active>
        <api_name>x_turbo_turbonomic.TurbonomicChangeRequestState</api_name>
        <caller_access/>
        <client_callable>false</client_callable>
        <description/>
        <name>TurbonomicChangeRequestState</name>
        <script><![CDATA[var TurbonomicChangeRequestState =  (function () {

    TurbonomicChangeRequestState.prototype.type = 'TurbonomicChangeRequestState';

    function TurbonomicChangeRequestState() {
    }

    /**
     * These are the default states of a change request that come with ServiceNow.
     */
    TurbonomicChangeRequestState.prototype.NEW = '-5';
    TurbonomicChangeRequestState.prototype.ASSESS = '-4';
    TurbonomicChangeRequestState.prototype.AUTHORIZE = '-3';
    TurbonomicChangeRequestState.prototype.SCHEDULED = '-2';
    TurbonomicChangeRequestState.prototype.IMPLEMENT = '-1';
    TurbonomicChangeRequestState.prototype.REVIEW = '0';
    TurbonomicChangeRequestState.prototype.CLOSE = '3';
    TurbonomicChangeRequestState.prototype.CANCELLED = '4';
    TurbonomicChangeRequestState.prototype.CLOSE_CODE_SUCCESSFUL = 'successful';
    TurbonomicChangeRequestState.prototype.CLOSE_CODE_UNSUCCESSFUL = 'unsuccessful';

    return TurbonomicChangeRequestState;

}());
]]></script>
        <sys_class_name>sys_script_include</sys_class_name>
        <sys_created_by>josephmate</sys_created_by>
        <sys_created_on>2019-05-08 12:23:34</sys_created_on>
        <sys_id>3891a025db9dbb405e691fe968961951</sys_id>
        <sys_mod_count>1</sys_mod_count>
        <sys_name>TurbonomicChangeRequestState</sys_name>
        <sys_package display_value="Turbonomic Actions" source="x_turbo_turbonomic">be4eeab2db007f005e691fe968961902</sys_package>
        <sys_policy>read</sys_policy>
        <sys_scope display_value="Turbonomic Actions">be4eeab2db007f005e691fe968961902</sys_scope>
        <sys_update_name>sys_script_include_3891a025db9dbb405e691fe968961951</sys_update_name>
        <sys_updated_by>alexpetrean</sys_updated_by>
        <sys_updated_on>2019-05-15 20:04:26</sys_updated_on>
    </sys_script_include>
</record_update>
