<?xml version="1.0" encoding="UTF-8"?><record_update table="sys_index">
    <sys_index action="INSERT_OR_UPDATE">
        <col_name_string>action_oid</col_name_string>
        <index_col_name element="action_oid" name="x_turbo_turbonomic_turbonomic_action_record">09a30f32db407f005e691fe96896193e</index_col_name>
        <logical_table_name>x_turbo_turbonomic_turbonomic_action_record</logical_table_name>
        <sys_class_name>sys_index</sys_class_name>
        <sys_created_by>system</sys_created_by>
        <sys_created_on>2019-04-25 20:56:48</sys_created_on>
        <sys_id>4b6a5b15db0133400b25ebd8489619e5</sys_id>
        <sys_mod_count>0</sys_mod_count>
        <sys_name>x_turbo_turbonomic_turbonomic_action_record</sys_name>
        <sys_package display_value="Turbonomic Actions" source="x_turbo_turbonomic">be4eeab2db007f005e691fe968961902</sys_package>
        <sys_policy/>
        <sys_scope display_value="Turbonomic Actions">be4eeab2db007f005e691fe968961902</sys_scope>
        <sys_update_name>sys_index_x_turbo_turbonomic_turbonomic_action_record_action_oid</sys_update_name>
        <sys_updated_by>system</sys_updated_by>
        <sys_updated_on>2019-04-25 20:56:48</sys_updated_on>
        <table display_value="Turbonomic Action Record" name="x_turbo_turbonomic_turbonomic_action_record">78a38b32db407f005e691fe9689619cd</table>
        <unique_index>false</unique_index>
    </sys_index>
</record_update>
