<?xml version="1.0" encoding="UTF-8"?><record_update table="sys_kmf_crypto_caller_policy">
    <sys_kmf_crypto_caller_policy action="INSERT_OR_UPDATE">
        <active>true</active>
        <approval_type/>
        <check_script_hash>false</check_script_hash>
        <crypto_module display_value="com_snc_platform_security_oauth_glideencrypter">8e4dffa067331010b28becccb585efc1</crypto_module>
        <crypto_spec/>
        <granular_operation/>
        <identity_group_alias/>
        <impersonation>false</impersonation>
        <instance_recipient/>
        <owner>2ab6390cdb6523c4ff27d5b0cf9619f2</owner>
        <policy_name>AutoGen-global.com_snc_platform_security_oauth_glideencrypter</policy_name>
        <result>track</result>
        <script_hash/>
        <script_table/>
        <signature_data/>
        <specify_purpose>false</specify_purpose>
        <sys_class_name>sys_kmf_crypto_caller_policy</sys_class_name>
        <sys_created_by>admin</sys_created_by>
        <sys_created_on>2022-09-01 07:30:00</sys_created_on>
        <sys_id>e855412fdba51110aa02cf09139619a2</sys_id>
        <sys_mod_count>0</sys_mod_count>
        <sys_name/>
        <sys_package display_value="Turbonomic Actions" source="x_turbo_turbonomic">be4eeab2db007f005e691fe968961902</sys_package>
        <sys_policy/>
        <sys_scope display_value="Turbonomic Actions">be4eeab2db007f005e691fe968961902</sys_scope>
        <sys_update_name>sys_kmf_crypto_caller_policy_e855412fdba51110aa02cf09139619a2</sys_update_name>
        <sys_updated_by>admin</sys_updated_by>
        <sys_updated_on>2022-09-01 07:30:00</sys_updated_on>
        <target_role/>
        <target_scope display_value="Turbonomic Actions">be4eeab2db007f005e691fe968961902</target_scope>
        <target_script/>
        <type>3</type>
        <used>false</used>
    </sys_kmf_crypto_caller_policy>
</record_update>
