<?xml version="1.0" encoding="UTF-8"?><record_update>
    <sys_documentation element="u_last_access_time" label="Last Access Time" language="en" table="x_turbo_turbonomic_ws_instance">
        <sys_documentation action="INSERT_OR_UPDATE">
            <element>u_last_access_time</element>
            <help/>
            <hint/>
            <label>Last Access Time</label>
            <language>en</language>
            <name>x_turbo_turbonomic_ws_instance</name>
            <plural>Last Access Times</plural>
            <sys_class_name>sys_documentation</sys_class_name>
            <sys_created_by>admin</sys_created_by>
            <sys_created_on>2019-08-07 19:46:09</sys_created_on>
            <sys_mod_count>0</sys_mod_count>
            <sys_name>Last Access Time</sys_name>
            <sys_package display_value="Turbonomic Actions" source="x_turbo_turbonomic">be4eeab2db007f005e691fe968961902</sys_package>
            <sys_policy/>
            <sys_scope display_value="Turbonomic Actions">be4eeab2db007f005e691fe968961902</sys_scope>
            <sys_update_name>sys_documentation_x_turbo_turbonomic_ws_instance_u_last_access_time_en</sys_update_name>
            <sys_updated_by>admin</sys_updated_by>
            <sys_updated_on>2019-08-07 19:46:09</sys_updated_on>
            <url/>
            <url_target/>
        </sys_documentation>
    </sys_documentation>
</record_update>
