<?xml version="1.0" encoding="UTF-8"?><record_update table="sys_db_object">
    <sys_db_object action="INSERT_OR_UPDATE">
        <access>public</access>
        <actions_access>false</actions_access>
        <alter_access>false</alter_access>
        <caller_access/>
        <client_scripts_access>false</client_scripts_access>
        <configuration_access>false</configuration_access>
        <create_access>false</create_access>
        <create_access_controls>true</create_access_controls>
        <delete_access>false</delete_access>
        <is_extendable>false</is_extendable>
        <label>Turbonomic Action Record</label>
        <live_feed_enabled>false</live_feed_enabled>
        <name>x_turbo_turbonomic_turbonomic_action_record</name>
        <number_ref/>
        <provider_class/>
        <read_access>true</read_access>
        <scriptable_table>false</scriptable_table>
        <super_class/>
        <sys_class_name>sys_db_object</sys_class_name>
        <sys_created_by>alexpetrean</sys_created_by>
        <sys_created_on>2019-03-11 18:07:05</sys_created_on>
        <sys_id>78a38b32db407f005e691fe9689619cd</sys_id>
        <sys_mod_count>0</sys_mod_count>
        <sys_name>Turbonomic Action Record</sys_name>
        <sys_package display_value="Turbonomic Actions" source="x_turbo_turbonomic">be4eeab2db007f005e691fe968961902</sys_package>
        <sys_policy/>
        <sys_scope display_value="Turbonomic Actions">be4eeab2db007f005e691fe968961902</sys_scope>
        <sys_update_name>sys_db_object_78a38b32db407f005e691fe9689619cd</sys_update_name>
        <sys_updated_by>alexpetrean</sys_updated_by>
        <sys_updated_on>2019-03-11 18:07:05</sys_updated_on>
        <update_access>false</update_access>
        <user_role display_value="x_turbo_turbonomic.user" name="x_turbo_turbonomic.user">cf4eeaf2db007f005e691fe968961966</user_role>
        <ws_access>true</ws_access>
    </sys_db_object>
</record_update>
