<?xml version="1.0" encoding="UTF-8"?><record_update table="sys_embedded_help_role">
    <sys_embedded_help_role action="INSERT_OR_UPDATE">
        <order>10</order>
        <role/>
        <sys_class_name>sys_embedded_help_role</sys_class_name>
        <sys_created_by>alexpetrean</sys_created_by>
        <sys_created_on>2019-08-01 14:26:49</sys_created_on>
        <sys_id>31fc2e78dbcfff005e691fe968961974</sys_id>
        <sys_mod_count>0</sys_mod_count>
        <sys_name>0e3cae78dbcfff005e691fe9689619b2</sys_name>
        <sys_package display_value="Turbonomic Actions" source="x_turbo_turbonomic">be4eeab2db007f005e691fe968961902</sys_package>
        <sys_policy/>
        <sys_scope display_value="Turbonomic Actions">be4eeab2db007f005e691fe968961902</sys_scope>
        <sys_update_name>sys_embedded_help_role_31fc2e78dbcfff005e691fe968961974</sys_update_name>
        <sys_updated_by>alexpetrean</sys_updated_by>
        <sys_updated_on>2019-08-01 14:26:49</sys_updated_on>
    </sys_embedded_help_role>
</record_update>
