<?xml version="1.0" encoding="UTF-8"?><record_update table="sys_security_acl_role">
    <sys_security_acl_role action="INSERT_OR_UPDATE">
        <sys_class_name>sys_security_acl_role</sys_class_name>
        <sys_created_by>admin</sys_created_by>
        <sys_created_on>2019-08-09 23:09:23</sys_created_on>
        <sys_id>95e0b1a7db433300373fe04a48961903</sys_id>
        <sys_mod_count>0</sys_mod_count>
        <sys_name>.x_turbo_turbonomic.user</sys_name>
        <sys_package display_value="Turbonomic Actions" source="x_turbo_turbonomic">be4eeab2db007f005e691fe968961902</sys_package>
        <sys_policy/>
        <sys_scope display_value="Turbonomic Actions">be4eeab2db007f005e691fe968961902</sys_scope>
        <sys_security_acl display_value="x_turbo_turbonomic_ws_action_approval">f4e0fd6bdb433300373fe04a489619d7</sys_security_acl>
        <sys_update_name>sys_security_acl_role_95e0b1a7db433300373fe04a48961903</sys_update_name>
        <sys_updated_by>admin</sys_updated_by>
        <sys_updated_on>2019-08-09 23:09:23</sys_updated_on>
        <sys_user_role display_value="x_turbo_turbonomic.user" name="x_turbo_turbonomic.user">cf4eeaf2db007f005e691fe968961966</sys_user_role>
    </sys_security_acl_role>
</record_update>
