<?xml version="1.0" encoding="UTF-8"?><record_update sys_domain="global" table="sys_app_module">
    <sys_app_module action="INSERT_OR_UPDATE">
        <active>false</active>
        <application display_value="Turbonomic Actions">474eeaf2db007f005e691fe968961964</application>
        <assessment/>
        <device_type/>
        <filter/>
        <hint/>
        <homepage/>
        <image/>
        <link_type>LIST</link_type>
        <map_page/>
        <mobile_title>Turbonomic Action Types</mobile_title>
        <mobile_view_name>Mobile</mobile_view_name>
        <name>x_turbo_turbonomic_turbonomic_action_type</name>
        <order/>
        <override_menu_roles>false</override_menu_roles>
        <query/>
        <report/>
        <roles>x_turbo_turbonomic.user</roles>
        <sys_class_name>sys_app_module</sys_class_name>
        <sys_created_by>alexpetrean</sys_created_by>
        <sys_created_on>2019-03-11 18:10:26</sys_created_on>
        <sys_domain>global</sys_domain>
        <sys_domain_path>/</sys_domain_path>
        <sys_id>57c483b2db407f005e691fe968961904</sys_id>
        <sys_mod_count>1</sys_mod_count>
        <sys_name>Turbonomic Action Types</sys_name>
        <sys_overrides/>
        <sys_package display_value="Turbonomic Actions" source="x_turbo_turbonomic">be4eeab2db007f005e691fe968961902</sys_package>
        <sys_policy/>
        <sys_scope display_value="Turbonomic Actions">be4eeab2db007f005e691fe968961902</sys_scope>
        <sys_update_name>sys_app_module_57c483b2db407f005e691fe968961904</sys_update_name>
        <sys_updated_by>alexpetrean</sys_updated_by>
        <sys_updated_on>2019-03-11 18:50:36</sys_updated_on>
        <timeline_page/>
        <title>Turbonomic Action Types</title>
        <uncancelable>false</uncancelable>
        <view_name/>
        <window_name/>
    </sys_app_module>
</record_update>
