<?xml version="1.0" encoding="UTF-8"?><record_update table="sys_scope_privilege">
    <sys_scope_privilege action="INSERT_OR_UPDATE">
        <operation>read</operation>
        <source_scope display_value="Turbonomic Actions">be4eeab2db007f005e691fe968961902</source_scope>
        <status>allowed</status>
        <sys_class_name>sys_scope_privilege</sys_class_name>
        <sys_created_by>alexpetrean</sys_created_by>
        <sys_created_on>2020-04-28 21:47:03</sys_created_on>
        <sys_id>7c98fbc0dba41c505e691fe968961964</sys_id>
        <sys_mod_count>0</sys_mod_count>
        <sys_name>sys_user</sys_name>
        <sys_package display_value="Turbonomic Actions" source="x_turbo_turbonomic">be4eeab2db007f005e691fe968961902</sys_package>
        <sys_policy/>
        <sys_scope display_value="Turbonomic Actions">be4eeab2db007f005e691fe968961902</sys_scope>
        <sys_update_name>sys_scope_privilege_7c98fbc0dba41c505e691fe968961964</sys_update_name>
        <sys_updated_by>alexpetrean</sys_updated_by>
        <sys_updated_on>2020-04-28 21:47:03</sys_updated_on>
        <target_name>sys_user</target_name>
        <target_scope display_value="Global">global</target_scope>
        <target_type>sys_db_object</target_type>
    </sys_scope_privilege>
</record_update>
