<?xml version="1.0" encoding="UTF-8"?><record_update sys_domain="global" table="sys_script">
    <sys_script action="INSERT_OR_UPDATE">
        <abort_action>false</abort_action>
        <access>package_private</access>
        <action_delete>false</action_delete>
        <action_insert>true</action_insert>
        <action_query>false</action_query>
        <action_update>true</action_update>
        <active>true</active>
        <add_message>false</add_message>
        <advanced>true</advanced>
        <change_fields>false</change_fields>
        <client_callable>false</client_callable>
        <collection>x_turbo_turbonomic_turbonomic_action_approval</collection>
        <condition/>
        <description/>
        <execute_function>false</execute_function>
        <filter_condition/>
        <is_rest>false</is_rest>
        <message/>
        <name>MarkTurbonomicActionApprovalsAsMissed</name>
        <order>100</order>
        <priority>100</priority>
        <rest_method/>
        <rest_method_text/>
        <rest_service/>
        <rest_service_text/>
        <rest_variables/>
        <role_conditions/>
        <script><![CDATA[(function executeRule(current, previous /*null when async*/) {
        var startTime = new GlideDateTime().getNumericValue();
        var changeRequestDAO = new TurbonomicChangeRequestDAO();
        var actionDAO = new x_turbo_turbonomic.TurbonomicActionDAO();

        var changeRequestIds = actionDAO.markMissedActionApprovals();
        changeRequestDAO.cancelChangeRequests(changeRequestIds);

        var execTime = new GlideDateTime().getNumericValue() - startTime;
        gs.debug('MarkTurbonomicActionApprovalsAsMissed.executeRule() - Total execution time was: ' + execTime + 'msec');
})(current, previous);]]></script>
        <sys_class_name>sys_script</sys_class_name>
        <sys_created_by>alexpetrean</sys_created_by>
        <sys_created_on>2020-05-07 15:43:54</sys_created_on>
        <sys_domain>global</sys_domain>
        <sys_domain_path>/</sys_domain_path>
        <sys_id>354b3c8bdb6814101ae6e855ca961920</sys_id>
        <sys_mod_count>5</sys_mod_count>
        <sys_name>MarkTurbonomicActionApprovalsAsMissed</sys_name>
        <sys_overrides/>
        <sys_package display_value="Turbonomic Actions" source="x_turbo_turbonomic">be4eeab2db007f005e691fe968961902</sys_package>
        <sys_policy/>
        <sys_scope display_value="Turbonomic Actions">be4eeab2db007f005e691fe968961902</sys_scope>
        <sys_update_name>sys_script_354b3c8bdb6814101ae6e855ca961920</sys_update_name>
        <sys_updated_by>admin</sys_updated_by>
        <sys_updated_on>2021-08-13 20:18:49</sys_updated_on>
        <template/>
        <when>async_always</when>
    </sys_script>
    <sys_translated_text action="delete_multiple" query="documentkey=354b3c8bdb6814101ae6e855ca961920"/>
</record_update>
