<?xml version="1.0" encoding="UTF-8"?><record_update sys_domain="global" table="sys_app_module">
    <sys_app_module action="INSERT_OR_UPDATE">
        <active>true</active>
        <application display_value="Turbonomic Actions">474eeaf2db007f005e691fe968961964</application>
        <assessment/>
        <device_type/>
        <filter/>
        <hint/>
        <homepage/>
        <image/>
        <link_type>DIRECT</link_type>
        <map_page/>
        <mobile_title>Help</mobile_title>
        <mobile_view_name>Mobile</mobile_view_name>
        <name/>
        <order>4</order>
        <override_menu_roles>false</override_menu_roles>
        <query>/x_turbo_turbonomic_Turbonomic_Actions_Help.do</query>
        <report/>
        <roles>x_turbo_turbonomic.user</roles>
        <sys_class_name>sys_app_module</sys_class_name>
        <sys_created_by>alexpetrean</sys_created_by>
        <sys_created_on>2019-03-11 18:53:01</sys_created_on>
        <sys_domain>global</sys_domain>
        <sys_domain_path>/</sys_domain_path>
        <sys_id>ed6ec33adb407f005e691fe9689619d5</sys_id>
        <sys_mod_count>7</sys_mod_count>
        <sys_name>Help and Support</sys_name>
        <sys_overrides/>
        <sys_package display_value="Turbonomic Actions" source="x_turbo_turbonomic">be4eeab2db007f005e691fe968961902</sys_package>
        <sys_policy/>
        <sys_scope display_value="Turbonomic Actions">be4eeab2db007f005e691fe968961902</sys_scope>
        <sys_update_name>sys_app_module_ed6ec33adb407f005e691fe9689619d5</sys_update_name>
        <sys_updated_by>admin</sys_updated_by>
        <sys_updated_on>2019-08-29 16:36:35</sys_updated_on>
        <timeline_page/>
        <title>Help and Support</title>
        <uncancelable>false</uncancelable>
        <view_name/>
        <window_name/>
    </sys_app_module>
</record_update>
