<?xml version="1.0" encoding="UTF-8"?><record_update sys_domain="global" table="sys_app_application">
    <sys_app_application action="INSERT_OR_UPDATE">
        <active>true</active>
        <category/>
        <description/>
        <device_type>browser</device_type>
        <hint/>
        <name>Turbonomic Actions</name>
        <order/>
        <roles>x_turbo_turbonomic.user</roles>
        <sys_class_name>sys_app_application</sys_class_name>
        <sys_created_by>alexpetrean</sys_created_by>
        <sys_created_on>2019-03-11 16:32:06</sys_created_on>
        <sys_domain>global</sys_domain>
        <sys_domain_path>/</sys_domain_path>
        <sys_id>474eeaf2db007f005e691fe968961964</sys_id>
        <sys_mod_count>1</sys_mod_count>
        <sys_name>Turbonomic Actions</sys_name>
        <sys_overrides/>
        <sys_package display_value="Turbonomic Actions" source="x_turbo_turbonomic">be4eeab2db007f005e691fe968961902</sys_package>
        <sys_policy/>
        <sys_scope display_value="Turbonomic Actions">be4eeab2db007f005e691fe968961902</sys_scope>
        <sys_update_name>sys_app_application_474eeaf2db007f005e691fe968961964</sys_update_name>
        <sys_updated_by>alexpetrean</sys_updated_by>
        <sys_updated_on>2019-03-11 16:32:07</sys_updated_on>
        <title>Turbonomic Actions</title>
        <view_name/>
    </sys_app_application>
</record_update>
