<?xml version="1.0" encoding="UTF-8"?><record_update table="sys_scope_privilege">
    <sys_scope_privilege action="INSERT_OR_UPDATE">
        <operation>execute</operation>
        <source_scope display_value="Turbonomic Actions">be4eeab2db007f005e691fe968961902</source_scope>
        <status>allowed</status>
        <sys_class_name>sys_scope_privilege</sys_class_name>
        <sys_created_by>admin</sys_created_by>
        <sys_created_on>2019-08-09 21:45:28</sys_created_on>
        <sys_id>211e59efdb033300373fe04a489619aa</sys_id>
        <sys_mod_count>0</sys_mod_count>
        <sys_name>GlideRecordSecure.getValue</sys_name>
        <sys_package display_value="Turbonomic Actions" source="x_turbo_turbonomic">be4eeab2db007f005e691fe968961902</sys_package>
        <sys_policy/>
        <sys_scope display_value="Turbonomic Actions">be4eeab2db007f005e691fe968961902</sys_scope>
        <sys_update_name>sys_scope_privilege_211e59efdb033300373fe04a489619aa</sys_update_name>
        <sys_updated_by>admin</sys_updated_by>
        <sys_updated_on>2019-08-09 21:45:28</sys_updated_on>
        <target_name>GlideRecordSecure.getValue</target_name>
        <target_scope display_value="Global">global</target_scope>
        <target_type>scriptable</target_type>
    </sys_scope_privilege>
</record_update>
