<?xml version="1.0" encoding="UTF-8"?><record_update table="sys_scope_privilege">
    <sys_scope_privilege action="INSERT_OR_UPDATE">
        <operation>write</operation>
        <source_scope display_value="Turbonomic Actions">be4eeab2db007f005e691fe968961902</source_scope>
        <status>allowed</status>
        <sys_class_name>sys_scope_privilege</sys_class_name>
        <sys_created_by>josephmate</sys_created_by>
        <sys_created_on>2019-05-08 12:29:06</sys_created_on>
        <sys_id>f8e268e5dbd937000b25ebd84896199e</sys_id>
        <sys_mod_count>0</sys_mod_count>
        <sys_name>change_request</sys_name>
        <sys_package display_value="Turbonomic Actions" source="x_turbo_turbonomic">be4eeab2db007f005e691fe968961902</sys_package>
        <sys_policy/>
        <sys_scope display_value="Turbonomic Actions">be4eeab2db007f005e691fe968961902</sys_scope>
        <sys_update_name>sys_scope_privilege_f8e268e5dbd937000b25ebd84896199e</sys_update_name>
        <sys_updated_by>josephmate</sys_updated_by>
        <sys_updated_on>2019-05-08 12:29:06</sys_updated_on>
        <target_name>change_request</target_name>
        <target_scope display_value="Global">global</target_scope>
        <target_type>sys_db_object</target_type>
    </sys_scope_privilege>
</record_update>
