<?xml version="1.0" encoding="UTF-8"?><record_update table="sys_security_acl">
    <sys_security_acl action="INSERT_OR_UPDATE">
        <active>true</active>
        <admin_overrides>true</admin_overrides>
        <advanced>false</advanced>
        <condition/>
        <description/>
        <local_or_existing/>
        <name>x_turbo_turbonomic_Turbonomic_Actions_Help</name>
        <operation display_value="read">read</operation>
        <script/>
        <security_attribute/>
        <sys_class_name>sys_security_acl</sys_class_name>
        <sys_created_by>admin</sys_created_by>
        <sys_created_on>2019-08-29 16:27:53</sys_created_on>
        <sys_id>63b35735db2bf3400b25ebd848961952</sys_id>
        <sys_mod_count>1</sys_mod_count>
        <sys_name>x_turbo_turbonomic_Turbonomic_Actions_Help</sys_name>
        <sys_package display_value="Turbonomic Actions" source="x_turbo_turbonomic">be4eeab2db007f005e691fe968961902</sys_package>
        <sys_policy/>
        <sys_scope display_value="Turbonomic Actions">be4eeab2db007f005e691fe968961902</sys_scope>
        <sys_update_name>sys_security_acl_63b35735db2bf3400b25ebd848961952</sys_update_name>
        <sys_updated_by>admin</sys_updated_by>
        <sys_updated_on>2023-05-03 17:21:49</sys_updated_on>
        <type display_value="ui_page">ui_page</type>
    </sys_security_acl>
</record_update>
