<?xml version="1.0" encoding="UTF-8"?><record_update sys_domain="global" table="sys_app_module">
    <sys_app_module action="INSERT_OR_UPDATE">
        <active>true</active>
        <application display_value="Turbonomic Actions">474eeaf2db007f005e691fe968961964</application>
        <assessment/>
        <device_type/>
        <filter table="x_turbo_turbonomic_turbonomic_settings">sys_id=1e518b95db8dff000b25ebd84896197f^EQ<item endquery="false" field="sys_id" goto="false" newquery="false" operator="=" or="false" value="1e518b95db8dff000b25ebd84896197f"/>
            <item endquery="true" field="" goto="false" newquery="false" operator="=" or="false" value=""/>
        </filter>
        <hint/>
        <homepage/>
        <image/>
        <link_type>DETAIL</link_type>
        <map_page/>
        <mobile_title>Turbonomic Settings</mobile_title>
        <mobile_view_name>Mobile</mobile_view_name>
        <name>x_turbo_turbonomic_turbonomic_settings</name>
        <order>3</order>
        <override_menu_roles>false</override_menu_roles>
        <query/>
        <report/>
        <roles>x_turbo_turbonomic.user</roles>
        <sys_class_name>sys_app_module</sys_class_name>
        <sys_created_by>alexpetrean</sys_created_by>
        <sys_created_on>2019-03-11 18:21:04</sys_created_on>
        <sys_domain>global</sys_domain>
        <sys_domain_path>/</sys_domain_path>
        <sys_id>cf374ff2db407f005e691fe9689619bd</sys_id>
        <sys_mod_count>9</sys_mod_count>
        <sys_name>Settings</sys_name>
        <sys_overrides/>
        <sys_package display_value="Turbonomic Actions" source="x_turbo_turbonomic">be4eeab2db007f005e691fe968961902</sys_package>
        <sys_policy/>
        <sys_scope display_value="Turbonomic Actions">be4eeab2db007f005e691fe968961902</sys_scope>
        <sys_update_name>sys_app_module_cf374ff2db407f005e691fe9689619bd</sys_update_name>
        <sys_updated_by>alexpetrean</sys_updated_by>
        <sys_updated_on>2020-08-27 20:02:11</sys_updated_on>
        <timeline_page/>
        <title>Settings</title>
        <uncancelable>false</uncancelable>
        <view_name/>
        <window_name/>
    </sys_app_module>
</record_update>
