<?xml version="1.0" encoding="UTF-8"?><record_update table="sys_security_acl">
    <sys_security_acl action="INSERT_OR_UPDATE">
        <active>true</active>
        <admin_overrides>true</admin_overrides>
        <advanced>false</advanced>
        <condition/>
        <description>Default access control on x_turbo_turbonomic_turbonomic_instance</description>
        <local_or_existing/>
        <name>x_turbo_turbonomic_turbonomic_instance</name>
        <operation display_value="delete">delete</operation>
        <script/>
        <security_attribute/>
        <sys_class_name>sys_security_acl</sys_class_name>
        <sys_created_by>alexpetrean</sys_created_by>
        <sys_created_on>2019-03-11 17:10:48</sys_created_on>
        <sys_id>f9277e7adb007f005e691fe9689619b9</sys_id>
        <sys_mod_count>0</sys_mod_count>
        <sys_name>x_turbo_turbonomic_turbonomic_instance</sys_name>
        <sys_package display_value="Turbonomic Actions" source="x_turbo_turbonomic">be4eeab2db007f005e691fe968961902</sys_package>
        <sys_policy/>
        <sys_scope display_value="Turbonomic Actions">be4eeab2db007f005e691fe968961902</sys_scope>
        <sys_update_name>sys_security_acl_f9277e7adb007f005e691fe9689619b9</sys_update_name>
        <sys_updated_by>alexpetrean</sys_updated_by>
        <sys_updated_on>2019-03-11 17:10:48</sys_updated_on>
        <type display_value="record">record</type>
    </sys_security_acl>
</record_update>
