<?xml version="1.0" encoding="UTF-8"?><record_update table="sys_security_acl">
    <sys_security_acl action="INSERT_OR_UPDATE">
        <active>true</active>
        <admin_overrides>true</admin_overrides>
        <advanced>false</advanced>
        <condition/>
        <description>Default access control on x_turbo_turbonomic_x_turbonomic_entity</description>
        <local_or_existing/>
        <name>x_turbo_turbonomic_x_turbonomic_entity</name>
        <operation display_value="read">read</operation>
        <script/>
        <security_attribute/>
        <sys_class_name>sys_security_acl</sys_class_name>
        <sys_created_by>alexpetrean</sys_created_by>
        <sys_created_on>2019-03-11 16:50:58</sys_created_on>
        <sys_id>9392f6b6db007f005e691fe9689619c4</sys_id>
        <sys_mod_count>0</sys_mod_count>
        <sys_name>x_turbo_turbonomic_x_turbonomic_entity</sys_name>
        <sys_package display_value="Turbonomic Actions" source="x_turbo_turbonomic">be4eeab2db007f005e691fe968961902</sys_package>
        <sys_policy/>
        <sys_scope display_value="Turbonomic Actions">be4eeab2db007f005e691fe968961902</sys_scope>
        <sys_update_name>sys_security_acl_9392f6b6db007f005e691fe9689619c4</sys_update_name>
        <sys_updated_by>alexpetrean</sys_updated_by>
        <sys_updated_on>2019-03-11 16:50:58</sys_updated_on>
        <type display_value="record">record</type>
    </sys_security_acl>
</record_update>
