<?xml version="1.0" encoding="UTF-8"?><record_update>
    <sys_documentation element="disable_change_request" label="Use Custom Business Rules for CR Management" language="en" table="x_turbo_turbonomic_turbonomic_settings">
        <sys_documentation action="INSERT_OR_UPDATE">
            <element>disable_change_request</element>
            <help/>
            <hint/>
            <label>Use Custom Business Rules for CR Management</label>
            <language>en</language>
            <name>x_turbo_turbonomic_turbonomic_settings</name>
            <plural>Use Custom Business Rules for CR Managements</plural>
            <sys_class_name>sys_documentation</sys_class_name>
            <sys_created_by>admin</sys_created_by>
            <sys_created_on>2019-06-28 13:04:45</sys_created_on>
            <sys_mod_count>2</sys_mod_count>
            <sys_name>Use Custom Business Rules for CR Management</sys_name>
            <sys_package display_value="Turbonomic Actions" source="x_turbo_turbonomic">be4eeab2db007f005e691fe968961902</sys_package>
            <sys_policy/>
            <sys_scope display_value="Turbonomic Actions">be4eeab2db007f005e691fe968961902</sys_scope>
            <sys_update_name>sys_documentation_x_turbo_turbonomic_turbonomic_settings_disable_change_request_en</sys_update_name>
            <sys_updated_by>alexpetrean</sys_updated_by>
            <sys_updated_on>2020-05-21 18:00:52</sys_updated_on>
            <url/>
            <url_target/>
        </sys_documentation>
    </sys_documentation>
</record_update>
