<?xml version="1.0" encoding="UTF-8"?><record_update table="sys_script_include">
    <sys_script_include action="INSERT_OR_UPDATE">
        <access>package_private</access>
        <active>true</active>
        <api_name>x_turbo_turbonomic.TurbonomicActionItemState</api_name>
        <caller_access/>
        <client_callable>false</client_callable>
        <description/>
        <name>TurbonomicActionItemState</name>
        <script><![CDATA[var TurbonomicActionItemState =  (function () {

    TurbonomicActionItemState.prototype.type = 'TurbonomicActionItemState';

    function TurbonomicActionItemState() {
    }

    /**
     * These are the states tracking progress of an action item in Turbonomic.
     */
    TurbonomicActionItemState.prototype.PENDING_ACCEPT = 'PENDING_ACCEPT';
    TurbonomicActionItemState.prototype.ACCEPTED = 'ACCEPTED';
    TurbonomicActionItemState.prototype.REJECTED = 'REJECTED';
    TurbonomicActionItemState.prototype.IN_PROGRESS = 'IN_PROGRESS';
    TurbonomicActionItemState.prototype.SUCCEEDED = 'SUCCEEDED';
    TurbonomicActionItemState.prototype.FAILED = 'FAILED';
    TurbonomicActionItemState.prototype.DISABLED = 'DISABLED';
    TurbonomicActionItemState.prototype.RECOMMENDED = 'RECOMMENDED';
    TurbonomicActionItemState.prototype.QUEUED = 'QUEUED';
    TurbonomicActionItemState.prototype.CLEARED = 'CLEARED';

    return TurbonomicActionItemState;

}());
]]></script>
        <sys_class_name>sys_script_include</sys_class_name>
        <sys_created_by>josephmate</sys_created_by>
        <sys_created_on>2019-05-08 12:22:37</sys_created_on>
        <sys_id>c751a025db9dbb405e691fe96896194e</sys_id>
        <sys_mod_count>1</sys_mod_count>
        <sys_name>TurbonomicActionItemState</sys_name>
        <sys_package display_value="Turbonomic Actions" source="x_turbo_turbonomic">be4eeab2db007f005e691fe968961902</sys_package>
        <sys_policy>read</sys_policy>
        <sys_scope display_value="Turbonomic Actions">be4eeab2db007f005e691fe968961902</sys_scope>
        <sys_update_name>sys_script_include_c751a025db9dbb405e691fe96896194e</sys_update_name>
        <sys_updated_by>admin</sys_updated_by>
        <sys_updated_on>2019-06-10 17:25:22</sys_updated_on>
    </sys_script_include>
</record_update>
