<?xml version="1.0" encoding="UTF-8"?><record_update sys_domain="global" table="sys_app_module">
    <sys_app_module action="INSERT_OR_UPDATE">
        <active>false</active>
        <application display_value="System Web Services">18f23e670a0a0b2400c55b122be52373</application>
        <assessment/>
        <device_type/>
        <filter/>
        <hint>User customized web service</hint>
        <homepage/>
        <image>images/icons/web_services_mapped.gifx</image>
        <link_type>DIRECT</link_type>
        <map_page/>
        <mobile_title>Turbonomic Web Service Instance</mobile_title>
        <mobile_view_name>Mobile</mobile_view_name>
        <name/>
        <order>1050</order>
        <override_menu_roles>false</override_menu_roles>
        <query>v_ws_editor.do?sysparm_query=name=x_turbo_turbonomic_ws_instance</query>
        <report/>
        <roles/>
        <sys_class_name>sys_app_module</sys_class_name>
        <sys_created_by>admin</sys_created_by>
        <sys_created_on>2019-08-07 19:46:10</sys_created_on>
        <sys_domain>global</sys_domain>
        <sys_domain_path>/</sys_domain_path>
        <sys_id>569faa72db833300373fe04a489619f6</sys_id>
        <sys_mod_count>1</sys_mod_count>
        <sys_name>Turbonomic Web Service Instance</sys_name>
        <sys_overrides/>
        <sys_package display_value="Turbonomic Actions" source="x_turbo_turbonomic">be4eeab2db007f005e691fe968961902</sys_package>
        <sys_policy/>
        <sys_scope display_value="Turbonomic Actions">be4eeab2db007f005e691fe968961902</sys_scope>
        <sys_update_name>sys_app_module_569faa72db833300373fe04a489619f6</sys_update_name>
        <sys_updated_by>admin</sys_updated_by>
        <sys_updated_on>2019-08-07 19:46:43</sys_updated_on>
        <timeline_page/>
        <title>Turbonomic Web Service Instance</title>
        <uncancelable>false</uncancelable>
        <view_name/>
        <window_name/>
    </sys_app_module>
</record_update>
