<?xml version="1.0" encoding="UTF-8"?><record_update>
    <sys_documentation element="action_processing_wait_time" label="Action Processing Wait Time (msec)" language="en" table="x_turbo_turbonomic_turbonomic_settings">
        <sys_documentation action="INSERT_OR_UPDATE">
            <element>action_processing_wait_time</element>
            <help/>
            <hint/>
            <label>Action Processing Wait Time (msec)</label>
            <language>en</language>
            <name>x_turbo_turbonomic_turbonomic_settings</name>
            <plural>Action Processing Wait Time (msec)</plural>
            <sys_class_name>sys_documentation</sys_class_name>
            <sys_created_by>alexpetrean</sys_created_by>
            <sys_created_on>2020-06-25 19:00:13</sys_created_on>
            <sys_mod_count>1</sys_mod_count>
            <sys_name>Action Processing Wait Time (msec)</sys_name>
            <sys_package display_value="Turbonomic Actions" source="x_turbo_turbonomic">be4eeab2db007f005e691fe968961902</sys_package>
            <sys_policy/>
            <sys_scope display_value="Turbonomic Actions">be4eeab2db007f005e691fe968961902</sys_scope>
            <sys_update_name>sys_documentation_x_turbo_turbonomic_turbonomic_settings_action_processing_wait_time_en</sys_update_name>
            <sys_updated_by>alexpetrean</sys_updated_by>
            <sys_updated_on>2020-06-26 16:49:47</sys_updated_on>
            <url/>
            <url_target/>
        </sys_documentation>
    </sys_documentation>
</record_update>
