<?xml version="1.0" encoding="UTF-8"?><record_update table="sys_properties">
    <sys_properties action="INSERT_OR_UPDATE">
        <choices/>
        <description>Logging verbosity for Turbonomic Actions application</description>
        <ignore_cache>false</ignore_cache>
        <is_private>false</is_private>
        <name>x_turbo_turbonomic.logging.verbosity</name>
        <read_roles/>
        <suffix>x_turbo_turbonomic.logging.verbosity</suffix>
        <sys_class_name>sys_properties</sys_class_name>
        <sys_created_by>alexpetrean</sys_created_by>
        <sys_created_on>2019-07-02 12:43:51</sys_created_on>
        <sys_id>7075ff4bdbd6bb405e691fe9689619d8</sys_id>
        <sys_mod_count>9</sys_mod_count>
        <sys_name>x_turbo_turbonomic.logging.verbosity</sys_name>
        <sys_package display_value="Turbonomic Actions" source="x_turbo_turbonomic">be4eeab2db007f005e691fe968961902</sys_package>
        <sys_policy/>
        <sys_scope display_value="Turbonomic Actions">be4eeab2db007f005e691fe968961902</sys_scope>
        <sys_update_name>sys_properties_7075ff4bdbd6bb405e691fe9689619d8</sys_update_name>
        <sys_updated_by>alexpetrean</sys_updated_by>
        <sys_updated_on>2023-11-02 23:21:05</sys_updated_on>
        <type>string</type>
        <value>info</value>
        <write_roles/>
    </sys_properties>
    <sys_translated_text action="delete_multiple" query="documentkey=7075ff4bdbd6bb405e691fe9689619d8"/>
</record_update>
