<?xml version="1.0" encoding="UTF-8"?><record_update table="sys_security_acl">
    <sys_security_acl action="INSERT_OR_UPDATE">
        <active>true</active>
        <admin_overrides>true</admin_overrides>
        <advanced>false</advanced>
        <condition/>
        <description>ACL role required to execute the Turbonomic Action API.</description>
        <local_or_existing/>
        <name>Turbonomic Action REST External</name>
        <operation display_value="execute">execute</operation>
        <script/>
        <security_attribute/>
        <sys_class_name>sys_security_acl</sys_class_name>
        <sys_created_by>admin</sys_created_by>
        <sys_created_on>2019-08-06 17:42:35</sys_created_on>
        <sys_id>40d4c12edb033300373fe04a48961986</sys_id>
        <sys_mod_count>0</sys_mod_count>
        <sys_name>Turbonomic Action REST External</sys_name>
        <sys_package display_value="Turbonomic Actions" source="x_turbo_turbonomic">be4eeab2db007f005e691fe968961902</sys_package>
        <sys_policy/>
        <sys_scope display_value="Turbonomic Actions">be4eeab2db007f005e691fe968961902</sys_scope>
        <sys_update_name>sys_security_acl_40d4c12edb033300373fe04a48961986</sys_update_name>
        <sys_updated_by>admin</sys_updated_by>
        <sys_updated_on>2019-08-06 17:42:35</sys_updated_on>
        <type display_value="REST_Endpoint">REST_Endpoint</type>
    </sys_security_acl>
</record_update>
