<?xml version="1.0" encoding="UTF-8"?><record_update>
    <sys_choice action="INSERT_OR_UPDATE" field="matching_cr_type" table="x_turbo_turbonomic_turbonomic_settings" version="3">
        <sys_choice_set action="INSERT_OR_UPDATE">
            <element>matching_cr_type</element>
            <name>x_turbo_turbonomic_turbonomic_settings</name>
            <sys_class_name>sys_choice_set</sys_class_name>
            <sys_created_by>alexpetrean</sys_created_by>
            <sys_created_on>2019-05-06 19:31:39</sys_created_on>
            <sys_mod_count>0</sys_mod_count>
            <sys_name>matching_cr_type</sys_name>
            <sys_package display_value="Turbonomic Actions" source="x_turbo_turbonomic">be4eeab2db007f005e691fe968961902</sys_package>
            <sys_policy/>
            <sys_scope display_value="Turbonomic Actions">be4eeab2db007f005e691fe968961902</sys_scope>
            <sys_update_name>sys_choice_x_turbo_turbonomic_turbonomic_settings_matching_cr_type</sys_update_name>
            <sys_updated_by>alexpetrean</sys_updated_by>
            <sys_updated_on>2019-05-06 19:31:39</sys_updated_on>
        </sys_choice_set>
        <sys_choice action="INSERT_OR_UPDATE">
            <dependent_value/>
            <element>matching_cr_type</element>
            <hint/>
            <inactive>false</inactive>
            <label>Normal</label>
            <language>en</language>
            <name>x_turbo_turbonomic_turbonomic_settings</name>
            <sequence>0</sequence>
            <synonyms/>
            <sys_created_by>alexpetrean</sys_created_by>
            <sys_created_on>2019-05-06 19:31:39</sys_created_on>
            <sys_domain>global</sys_domain>
            <sys_domain_path>/</sys_domain_path>
            <sys_mod_count>0</sys_mod_count>
            <sys_updated_by>alexpetrean</sys_updated_by>
            <sys_updated_on>2019-05-06 19:31:39</sys_updated_on>
            <value>normal</value>
        </sys_choice>
        <sys_choice action="INSERT_OR_UPDATE">
            <dependent_value/>
            <element>matching_cr_type</element>
            <hint/>
            <inactive>false</inactive>
            <label>Emergency</label>
            <language>en</language>
            <name>x_turbo_turbonomic_turbonomic_settings</name>
            <sequence>1</sequence>
            <synonyms/>
            <sys_created_by>alexpetrean</sys_created_by>
            <sys_created_on>2019-05-06 19:31:39</sys_created_on>
            <sys_domain>global</sys_domain>
            <sys_domain_path>/</sys_domain_path>
            <sys_mod_count>0</sys_mod_count>
            <sys_updated_by>alexpetrean</sys_updated_by>
            <sys_updated_on>2019-05-06 19:31:39</sys_updated_on>
            <value>emergency</value>
        </sys_choice>
        <sys_choice action="INSERT_OR_UPDATE">
            <dependent_value/>
            <element>matching_cr_type</element>
            <hint/>
            <inactive>false</inactive>
            <label>Standard</label>
            <language>en</language>
            <name>x_turbo_turbonomic_turbonomic_settings</name>
            <sequence>2</sequence>
            <synonyms/>
            <sys_created_by>alexpetrean</sys_created_by>
            <sys_created_on>2019-05-06 19:31:39</sys_created_on>
            <sys_domain>global</sys_domain>
            <sys_domain_path>/</sys_domain_path>
            <sys_mod_count>0</sys_mod_count>
            <sys_updated_by>alexpetrean</sys_updated_by>
            <sys_updated_on>2019-05-06 19:31:39</sys_updated_on>
            <value>standard</value>
        </sys_choice>
    </sys_choice>
</record_update>
