<?xml version="1.0" encoding="UTF-8"?><record_update>
    <sys_choice action="INSERT_OR_UPDATE" field="cr_close_code_for_missed_approvals" table="x_turbo_turbonomic_turbonomic_settings" version="3">
        <sys_choice_set action="INSERT_OR_UPDATE">
            <element>cr_close_code_for_missed_approvals</element>
            <name>x_turbo_turbonomic_turbonomic_settings</name>
            <sys_class_name>sys_choice_set</sys_class_name>
            <sys_created_by>admin</sys_created_by>
            <sys_created_on>2022-08-25 22:35:02</sys_created_on>
            <sys_mod_count>0</sys_mod_count>
            <sys_name>cr_close_code_for_missed_approvals</sys_name>
            <sys_package display_value="Turbonomic Actions" source="x_turbo_turbonomic">be4eeab2db007f005e691fe968961902</sys_package>
            <sys_policy/>
            <sys_scope display_value="Turbonomic Actions">be4eeab2db007f005e691fe968961902</sys_scope>
            <sys_update_name>sys_choice_x_turbo_turbonomic_turbonomic_settings_cr_close_code_for_missed_approvals</sys_update_name>
            <sys_updated_by>admin</sys_updated_by>
            <sys_updated_on>2022-08-25 22:35:02</sys_updated_on>
        </sys_choice_set>
        <sys_choice action="INSERT_OR_UPDATE">
            <dependent_value/>
            <element>cr_close_code_for_missed_approvals</element>
            <hint/>
            <inactive>false</inactive>
            <label>Successful</label>
            <language>en</language>
            <name>x_turbo_turbonomic_turbonomic_settings</name>
            <sequence/>
            <synonyms/>
            <sys_created_by>admin</sys_created_by>
            <sys_created_on>2022-08-25 22:35:02</sys_created_on>
            <sys_domain>global</sys_domain>
            <sys_domain_path>/</sys_domain_path>
            <sys_mod_count>0</sys_mod_count>
            <sys_updated_by>admin</sys_updated_by>
            <sys_updated_on>2022-08-25 22:35:02</sys_updated_on>
            <value>successful</value>
        </sys_choice>
        <sys_choice action="INSERT_OR_UPDATE">
            <dependent_value/>
            <element>cr_close_code_for_missed_approvals</element>
            <hint/>
            <inactive>false</inactive>
            <label>Unsuccessful</label>
            <language>en</language>
            <name>x_turbo_turbonomic_turbonomic_settings</name>
            <sequence/>
            <synonyms/>
            <sys_created_by>admin</sys_created_by>
            <sys_created_on>2022-08-25 22:35:19</sys_created_on>
            <sys_domain>global</sys_domain>
            <sys_domain_path>/</sys_domain_path>
            <sys_mod_count>0</sys_mod_count>
            <sys_updated_by>admin</sys_updated_by>
            <sys_updated_on>2022-08-25 22:35:19</sys_updated_on>
            <value>unsuccessful</value>
        </sys_choice>
    </sys_choice>
</record_update>
