<?xml version="1.0" encoding="UTF-8"?><database>
    <element db_object_id="41e8ae3edb433300373fe04a489619ed" extends="sys_import_set_row" label="Turbonomic Web Service Action Record" max_length="40" name="x_turbo_turbonomic_ws_action_record" type="collection">
        <element attributes="import_attribute_name=u_accepted_by,edge_encryption_enabled=true" label="Accepted By" max_length="1000" name="u_accepted_by" type="string"/>
        <element attributes="import_attribute_name=u_action_oid,edge_encryption_enabled=true" label="Action OID" max_length="40" name="u_action_oid" type="string"/>
        <element attributes="import_attribute_name=u_count,edge_encryption_enabled=true" label="Count" max_length="40" name="u_count" type="string"/>
        <element attributes="import_attribute_name=u_details,edge_encryption_enabled=true" label="Details" max_length="4000" name="u_details" type="string"/>
        <element attributes="import_attribute_name=u_lifecycle_stage,edge_encryption_enabled=true" label="Lifecycle Stage" max_length="40" name="u_lifecycle_stage" type="string"/>
        <element attributes="import_attribute_name=u_turbonomic_entity,edge_encryption_enabled=true" label="Turbonomic Entity" max_length="40" name="u_turbonomic_entity" type="string"/>
        <element attributes="import_attribute_name=u_update_sys_id,edge_encryption_enabled=true" label="Update Sys Id" max_length="40" name="u_update_sys_id" type="string"/>
    </element>
</database>
